{
    "industry_information": [
        {
            "position": 1,
            "link": "https://appinventiv.com/blog/ai-in-automotive-industry/",
            "title": "Artificial Intelligence (AI) in the Automotive Industry: Benefits and Use Cases",
            "source": "Appinventiv",
            "date": "2 weeks ago",
            "snippet": "AI in the automotive industry is used to improve vehicle performance, \ndriver safety, passenger experience, and so on through data analysis and \nmaking real-time...",
            "thumbnail": "https://serpapi.com/searches/672628d329e6fb383cde0185/images/5abdf116695f525fea52a8883beae1841ce8c6f5eb2d1fc8fbe57e71072832c2.jpeg"
        },
        {
            "position": 2,
            "link": "https://www.autodesk.com/design-make/articles/automotive-industry-trends",
            "title": "Driving the future: 10 automotive industry trends and predictions",
            "source": "Autodesk",
            "date": "Aug 13, 2024",
            "snippet": "The future of cars is here, bringing automotive industry trends of \nelectrification, autonomous vehicles, AI, IoT, machine learning,...",
            "thumbnail": "https://serpapi.com/searches/672628d329e6fb383cde0185/images/5abdf116695f525f00159084f0591e52312dfb9d320a158c3f8979a23aec650f.jpeg"
        },
        {
            "position": 3,
            "link": "https://www.startus-insights.com/innovators-guide/future-of-ai-in-automotive-industry/",
            "title": "Explore the Future of AI in the Automotive Industry [2025 & Beyond]",
            "source": "StartUs Insights",
            "date": "5 days ago",
            "snippet": "This report showcases the top 10 applications of AI in Automotive. We \nhighlight autonomous driving, predictive maintenance, fleet management,...",
            "thumbnail": "https://serpapi.com/searches/672628d329e6fb383cde0185/images/5abdf116695f525fe8539a4676102fe4cbb77b6638f1f5ee7fbb6993c97dafd6.jpeg"
        },
        {
            "position": 4,
            "link": "https://emerj.com/partner-content/unlocking-efficiencies-across-the-automotive-industry-infrastructure-canada-ai-frantz-saintellemy-leddartech-flavio-volpe-apma-canada/",
            "title": "Unlocking Efficiencies Across the Automotive Industry and Infrastructure in Canada with AI \u2013 with Frantz Saintellemy of LeddarTech and Flavio Volpe of APMA Canada",
            "source": "Emerj Artificial Intelligence Research",
            "date": "1 month ago",
            "snippet": "This article is sponsored by LeddarTech and was written, edited, and \npublished in alignment with our Emerj sponsored content guidelines.",
            "thumbnail": "https://serpapi.com/searches/672628d329e6fb383cde0185/images/5abdf116695f525fa329c4f8d87ea12a005c2e6b14fe9cc2ebf86a79be069ca5.jpeg"
        },
        {
            "position": 5,
            "link": "https://www.prnewswire.com/news-releases/adhesive-films-market-to-grow-by-usd-7-62-billion-from-2024-2028--driven-by-automotive-industry-growth-with-ai-impacting-market-trends---technavio-302281402.html",
            "title": "Adhesive Films Market to grow by USD 7.62 Billion from 2024-2028, driven by automotive industry growth, with AI impacting market trends - Technavio",
            "source": "PR Newswire",
            "date": "1 week ago",
            "snippet": "PRNewswire/ -- Report on how AI is redefining market landscape - The Global \nAdhesive Films Market size is estimated to grow by USD 7.62...",
            "thumbnail": "https://serpapi.com/searches/672628d329e6fb383cde0185/images/5abdf116695f525f4c2e2344a010b1d59dc963defd1bf729fe3c61dffa96280f.jpeg"
        },
        {
            "position": 6,
            "link": "https://www.assemblymag.com/articles/98295-the-growing-role-of-ai-in-automotive-assembly",
            "title": "The Growing Role of AI in Automotive Assembly",
            "source": "Assembly Magazine",
            "date": "Jan 30, 2024",
            "snippet": "Artificial intelligence (AI) is the hottest trend to hit automotive \nassembly lines since lean manufacturing in the 1990s.",
            "thumbnail": "https://serpapi.com/searches/672628d329e6fb383cde0185/images/5abdf116695f525fcad3dcff9470dae49cdeaab81b5a07f1c203fb05f68d87ff.jpeg"
        },
        {
            "position": 7,
            "link": "https://www.autonews.com/sponsored/future-ai-automotive-industry-transforming-buying-service-and-dealership-efficiency",
            "title": "The future of AI in the automotive industry: Transforming buying, service, and dealership efficiency",
            "source": "Automotive News",
            "date": "1 month ago",
            "snippet": "Artificial Intelligence (AI) is revolutionizing industries across the \nglobe, and the automotive sector is no exception.",
            "thumbnail": "https://serpapi.com/searches/672628d329e6fb383cde0185/images/5abdf116695f525f901f4a882c94d1bf01c26d56eeaee72e6388f6fe361358b1.jpeg"
        },
        {
            "position": 8,
            "link": "https://www.eetimes.eu/what-is-nvidia-doing-in-automotive/",
            "title": "Nvidia Drives Automotive Industry Through AI",
            "source": "EE Times Europe",
            "date": "Jun 13, 2024",
            "snippet": "Nvidia, through a lucrative detour into AI, has yielded technologies that \nare steering its automotive business back into growth mode.",
            "thumbnail": "https://serpapi.com/searches/672628d329e6fb383cde0185/images/5abdf116695f525ff4ab9565aad9211f666086605701f252293551b6b3f11ad0.jpeg"
        },
        {
            "position": 9,
            "link": "https://autovista24.autovistagroup.com/news/is-ai-another-trend-for-automotive/",
            "title": "Is AI just another trend for the automotive sector?",
            "source": "Autovista24",
            "date": "Jan 26, 2024",
            "snippet": "In-car assistants, navigation, production, logistics, and even advertising \nare just a few examples of areas already undergoing AI enhancement.",
            "thumbnail": "https://serpapi.com/searches/672628d329e6fb383cde0185/images/5abdf116695f525f4dc13c5ef9af41826910a57b7577a1a3dac0c7217b4390a0.jpeg"
        },
        {
            "position": 10,
            "link": "https://www.trendhunter.com/slideshow/september-2024-autos",
            "title": "Top 60 Autos Trends in September",
            "source": "Trend Hunter",
            "date": "1 month ago",
            "snippet": "This list of September 2024 autos trends highlights significant \nadvancements in AI-driven technologies designed to enhance automotive \noperations and traffic...",
            "thumbnail": "https://serpapi.com/searches/672628d329e6fb383cde0185/images/5abdf116695f525f3de7c6d8f1900c3ce805c08f474d3d6ae3b4c87b80d9b2ba.jpeg"
        }
    ],
    "company_focus": {
        "focus_areas": [
            "customer experience",
            "supply chain",
            "product innovation"
        ],
        "strategic_products": [
            "electric vehicles",
            "autonomous driving technology"
        ]
    },
    "generated_use_cases": [
        "How electric vehicles enhances customer experience",
        "How autonomous driving technology enhances customer experience",
        "How electric vehicles enhances supply chain",
        "How autonomous driving technology enhances supply chain",
        "How electric vehicles enhances product innovation",
        "How autonomous driving technology enhances product innovation"
    ]
}